{
  "floor_cam_id": 2,
  "cups_cam_id": 0,
  "floor_points": [
    [
      174,
      70
    ],
    [
      1772,
      71
    ],
    [
      1807,
      957
    ],
    [
      153,
      952
    ]
  ],
  "floor_homography": [
    [
      0.32283526573307264,
      0.007686553946025546,
      -56.71139501377643
    ],
    [
      -0.00037717940567037495,
      0.6027326902612087,
      -42.12565910169797
    ],
    [
      2.7016462551652585e-06,
      3.9814447825426036e-05,
      1.0
    ]
  ],
  "cups_points": [
    [
      199,
      58
    ],
    [
      990,
      67
    ],
    [
      1016,
      578
    ],
    [
      171,
      571
    ]
  ],
  "cups_homography": [
    [
      0.323910162062447,
      0.017679307091127694,
      -65.48352206171235
    ],
    [
      -0.006100623513385093,
      0.5361770221208485,
      -29.88424320384558
    ],
    [
      -7.588757651495814e-06,
      0.0001338238511200331,
      1.0
    ]
  ]
}